KSERRIKEL,HLA-C*1502
KSARRWWTR,HLA-A*1101
KSARRWWTR,HLA-A*3101
LLWSLGSANK,HLA-A*1101
AVMGSALTQL,HLA-C*1502
SLRFPGSKMK,HLA-A*1101
FTKRIQNIV,HLA-C*1502
VPGMPKKSV,HLA-B*5102
VPEKKLPEA,HLA-B*5102
FVCELSHEK,HLA-A*1101
HIKVGDTLR,HLA-A*3101
IADKGKTFV,HLA-B*5102
IADKGKTFV,HLA-C*1502
GGAPIIGYV,HLA-C*1502
ISEPLTSPK,HLA-A*1101
KLTGYIVEK,HLA-A*1101
KLTGYIVEK,HLA-A*3101
NITRHTVTL,HLA-B*3901
RVLGYVVEM,HLA-C*0702
RVLGYVVEM,HLA-C*1502
IFRVTGVNK,HLA-A*3101
DSGKTTITI,HLA-B*5102
AANSSGTTK,HLA-A*1101
GSISNPSEV,HLA-C*1502
EPCETTEPV,HLA-B*5102
VSQPLVSSI,HLA-B*5102
VSQPLVSSI,HLA-C*1502
GSRLTGYVL,HLA-C*1502
TLQIFDVSR,HLA-A*3101
IATNEVGEV,HLA-B*5102
IATNEVGEV,HLA-C*1502
YRCKVVNDY,HLA-C*0702
RPPEFTLPL,HLA-B*3901
RPPEFTLPL,HLA-B*5102
RPPEFTLPL,HLA-C*0702
ASSSVREVK,HLA-A*1101
RVKSPEPRV,HLA-C*1502
EAVKSPKRV,HLA-B*5102
CQYDLTLSK,HLA-A*1101
LRTSGDTSL,HLA-B*3901
LRTSGDTSL,HLA-C*0702
RAVPEEKVLK,HLA-A*1101
RETADLVWTK,HLA-A*1101
RETADLVWTK,HLA-A*3101
SKFSLTKAKR,HLA-A*3101
SSINNYIVEK,HLA-A*1101
TRFDSGRYNL,HLA-B*3901
TRFDSGRYNL,HLA-C*0702
LPAGWKPLF,HLA-B*5102
IKAEQPDGL,HLA-B*3901
FIDNLVLPL,HLA-B*3901
FIDNLVLPL,HLA-C*1502
TYCSEPETF,HLA-C*0702
IRGKHVRHY,HLA-C*0702
SSDICSNLK,HLA-A*1101
RRSSSPPSSV,HLA-C*1502
TSSSTLLSM,HLA-C*1502
YPTEEIQIAM,HLA-B*3901
YPTEEIQIAM,HLA-B*5102
ILGLDGHIYK,HLA-A*1101
KVNMQKMQI,HLA-C*1502
FIQELPKTI,HLA-B*5102
FIQELPKTI,HLA-C*1502
NTKRVIQYF,HLA-C*0702
TRASGRHTT,HLA-B*3901
AVSMKEEKK,HLA-A*1101
WLRHLLHPR,HLA-A*3101
GRLIQRDVL,HLA-B*3901
FACASRATR,HLA-A*3101
KFVRGSTFK,HLA-A*3101
RHLGSLQPL,HLA-B*3901
RHLGSLQPL,HLA-C*0702
